,1/length,ID,roe_kj/mol,smiles_monomer,smiles_polymer,source,one_hot_fp_dft,one_hot_fp_expt
0,0.0,1.0,-9.85,CC1OCCOC1=O,[*]OCCOC(C)C([*])=O,expt,0,1
1,0.0,4.0,-16.8,CC1CCC(C(C)C)OC(=O)C1,[*]OC(CCC(C)CC([*])=O)C(C)C,expt,0,1
2,0.0,6.0,-13.8,CC1CCOC(=O)C1,[*]OCCC(C)CC([*])=O,expt,0,1
3,0.0,7.0,-5.4,O=C1CCCO1,[*]OCCCC([*])=O,expt,0,1
4,0.0,9.0,-13.8,CC1CCCC(=O)O1,[*]OC(C)CCCC([*])=O,expt,0,1
5,0.0,12.0,-17.1,CCCCCC1CCCC(=O)O1,[*]OC(CCCCC)CCCC([*])=O,expt,0,1
6,0.0,13.0,-11.6,CC1OCCC(=O)O1,[*]OC(C)OCCC([*])=O,expt,0,1
7,0.0,15.0,-14.1,O=C1COCCO1,[*]OCCOCC([*])=O,expt,0,1
8,0.0,17.0,-8.4,O=C1CCCCO1,[*]OCCCCC([*])=O,expt,0,1
9,0.0,19.0,-14.0,O=C1CCCCCO1,[*]OCCCCCC([*])=O,expt,0,1
10,0.0,21.0,-18.0,O=C2CC1CCCCC1O2,[*]OC1CCCCC1CC([*])=O,expt,0,1
11,0.0,23.0,-15.6,CC(C)(C)OC(=O)N1CC2CC1C(=O)S2,[*]SC1CC(C([*])=O)N(C(=O)OC(C)(C)C)C1,expt,0,1
12,0.0,24.0,-9.4,C=CCOCCOCCOCCOC(=O)NC1C(=O)SC1(C)C,[*]SC(C)(C)C(NC(=O)OCCOCCOCCOCC=C)C([*])=O,expt,0,1
13,0.0,25.0,-20.0,O=C1OCC2CCCCC12,[*]OCC1CCCCC1C([*])=O,expt,0,1
14,0.0,32.0,-22.0,C=CCOCC1(CC)COC(=O)OC1,[*]CC(CC)(COCC=C)COC(=O)O[*],expt,0,1
15,0.0,39.0,-79.84,CCCCC1(C)CNC1=O,[*]NCC(C)(CCCC)C([*])=O,expt,0,1
16,0.0,49.0,-113.0,C1CC1,[*]CCC[*],expt,0,1
17,0.0,50.0,-94.0,C1CO1,[*]CCO[*],expt,0,1
18,0.0,51.0,-105.01,C1CCC1,[*]CCCC[*],expt,0,1
19,0.0,52.0,-81.0,O=C1CCO1,[*]OCCC([*])=O,expt,0,1
20,0.0,53.0,-21.2,C1CCCC1,[*]CCCCC[*],expt,0,1
21,0.0,787.0,-5.4,O=C1CCCCS1,[*]CCCCC(=O)S[*],expt,0,1
22,0.0,949.0,-9.5,O=C1CSCCS1,[*]SCCSCC([*])=O,expt,0,1
23,0.0,969.0,-14.0,COP1(=O)OCCO1,[*]OCCOP([*])(=O)OC,expt,0,1
24,0.0,979.0,-8.0,O=C1CCCCCCCCCCCCO1,[*]OCCCCCCCCCCCCC([*])=O,expt,0,1
25,0.0,981.0,-23.0,O=C2OC1CCCCC1O2,[*]OC1CCCCC1OC([*])=O,expt,0,1
26,0.0,983.0,-26.0,O=C1OCCCO1,[*]OCCCOC([*])=O,expt,0,1
27,0.0,986.0,-24.0,C1CCOC1,[*]CCCCO[*],expt,0,1
28,0.0,988.0,-18.0,O=C1NCCCO1,[*]OCCCNC([*])=O,expt,0,1
29,0.0,993.0,2.9288,C1CCCCC1,[*]CCCCCC[*],expt,0,1
30,0.0,994.0,-21.7568,C1CCCCCC1,[*]CCCCCCC[*],expt,0,1
31,0.0,995.0,-34.7272,C1CCCCCCC1,[*]CCCCCCCC[*],expt,0,1
32,0.0,1002.0,-23.43,C1=CCCC1,[*]CCCCC=[*],expt,0,1
33,0.0,1003.0,-23.012,O=S1(=O)CCCO1,[*]CCCS(=O)(=O)O[*],expt,0,1
34,0.0,1007.0,-19.63,CC(C)(C)OC(=O)N1CCOC(=O)C1,[*]OCCN(CC([*])=O)C(=O)OC(C)(C)C,expt,0,1
35,0.0,1026.0,-15.7,O=C(OCC)CCCCC1CCSS1,[*]SCCC(CCCCC(OCC)=O)S[*],expt,0,1
36,0.0,1027.0,-1.07,O=C(OCC(C)COC(C1=CC=C(C(OCC(C)COC2=O)=O)C=C1)=O)C3=CC=C2C=C3,[*]C(C1=CC=C(C(OCC(C)CO[*])=O)C=C1)=O,expt,0,1
37,0.0,1028.0,-2.67,O=C(OCC(C)(C)COC(C1=CC=C(C(OCC(C)(C)COC2=O)=O)C=C1)=O)C3=CC=C2C=C3,[*]C(C1=CC=C(C(OCC(C)(C)CO[*])=O)C=C1)=O,expt,0,1
38,0.0,1029.0,-22.59,CC1CCOC1,[*]OCC(C)CC[*],expt,0,1
39,0.0,1030.0,-21.34,C1C=CCC1C2=CC=CC=C2,[*]=CCC(C1=CC=CC=C1)CC=[*],expt,0,1
40,0.0,1031.0,-23.8,O=C1N[C@H]2CCC[C@@H]1O2,O=C([C@@H]1CC[C@@H](OC1)N[*])[*],expt,0,1
41,0.0,1034.0,-100.83,CC1CC1,[*]CC(C)C[*],expt,0,1
42,0.0,1035.0,-95.81,CC1CCC1,[*]CCC(C)C[*],expt,0,1
43,0.0,1036.0,-12.97,CC1CCCC1,[*]CCCC(C)C[*],expt,0,1
44,0.0,1037.0,13.39,CC1CCCCC1,[*]CC(C)CCCC[*],expt,0,1
45,0.0,1038.0,-57.32,CC1(C)CC1,[*]CC(C)(C)C[*],expt,0,1
46,0.0,1039.0,-85.35,CC1(C)CCC1,[*]CC(C)(C)CC[*],expt,0,1
47,0.0,1040.0,0.84,CC1(C)CCCC1,[*]CC(C)(C)CCC[*],expt,0,1
48,0.0,1041.0,21.76,CC1(C)CCCCC1,[*]CC(C)(CCCC[*])C,expt,0,1
49,0.0,1043.0,-24.23,S=C1CCCCCO1,[*]CCCCCC(=S)O[*],expt,0,1
50,0.0,1044.0,-19.25,O=C1OCCCCCC1,O=C(CCCCCCO[*])[*],expt,0,1
51,0.0,1045.0,-14.1,O=C1S[C@@H]2CC[C@H]1C2,[*]SC1CCC(C([*])=O)C1,expt,0,1
52,0.0,1048.0,-19.3,CC1(C)SCCSC1=O,[*]CCSC(C)(C)C(=O)S[*],expt,0,1
53,0.0,1049.0,-10.2,CC1SCCSC1=O,[*]CCSC(C)C(=O)S[*],expt,0,1
54,0.0,1050.0,-13.0,CC1CCCOC1=O,[*]OCCCC(C)C([*])=O,expt,0,1
55,0.0,1051.0,-15.8,CC1CCC(=O)OC1,[*]OCC(C)CCC([*])=O,expt,0,1
56,0.0,1052.0,-16.4,CCC1CCCC(=O)O1,[*]OC(CC)CCCC([*])=O,expt,0,1
57,0.0,1053.0,-18.5,CCCC1CCCC(=O)O1,[*]OC(CCC)CCCC([*])=O,expt,0,1
58,0.0,1054.0,-17.0,CCCCC1CCCC(=O)O1,[*]OC(CCCC)CCCC([*])=O,expt,0,1
59,0.0,1056.0,-18.4,CCCCCCC1CCCC(=O)O1,[*]OC(CCCCCC)CCCC([*])=O,expt,0,1
60,0.0,1057.0,-18.7,CCCCCCCC1CCCC(=O)O1,[*]OC(CCCCCCC)CCCC([*])=O,expt,0,1
61,0.0,1058.0,-16.8,CCCCCCCCCC1CCCC(=O)O1,[*]OC(CCCCCCCCC)CCCC([*])=O,expt,0,1
62,0.0,1059.0,-16.8,CC(C)C1CC(=O)OC(C)C1,[*]OC(C)CC(CC([*])=O)C(C)C,expt,0,1
63,0.0,1060.0,-5.9,C=C1CCOC1=O,[*]OCCC(=C)C([*])=O,expt,0,1
64,0.0,1062.0,-4.5,CN1[Si](C)(C)O[Si](C)(C)O[Si]1(C)C,[*]O[Si](C)(C)N(C)[Si](C)(C)O[Si]([*])(C)C,expt,0,1
65,0.0,1063.0,-23.9,CC1OC(=O)C(C)OC1=O,[*]OC(C)C(=O)OC(C)C([*])=O,expt,0,1
66,0.0,1066.0,-16.8252222,C1=CCCC1,[*]CC=CCC[*],expt,0,1
67,0.0,1067.0,-17.5751901,CC(C)(C)[Si](C)(C)OC1CC=CC1,[*]CC=CCC([*])O[Si](C)(C)C(C)(C)C,expt,0,1
68,0.0,1068.0,-21.0207189,O=C(OCc1ccccc1)C2CC=CC2,[*]CC=CCC([*])C(=O)OCc1ccccc1,expt,0,1
69,0.0,1069.0,-15.2803881,C2=CCC(OCc1ccccc1)C2,[*]CC=CCC([*])OCc1ccccc1,expt,0,1
70,0.0,1070.0,-17.5984707,C2=CCC(COCc1ccccc1)C2,[*]CC=CCC([*])COCc1ccccc1,expt,0,1
71,0.0,1071.0,-18.3999885,OCC1CC=CC1,[*]CC=CCC([*])CO,expt,0,1
72,0.0,1072.0,-14.83722525,COC(=O)C1CC=CC1,[*]CC=CCC([*])C(=O)OC,expt,0,1
73,0.0,1073.0,-12.7810494,O=C(O)C1CC=CC1,[*]CC=CCC([*])C(=O)O,expt,0,1
74,0.0,1074.0,-22.6,CC(C)(Br)C(=O)OC1CC=CC1,[*]CC=CCC([*])OC(=O)C(C)(C)Br,expt,0,1
75,0.0,1075.0,-21.358666,C2=CCC(c1ccccc1)C2,[*]CC=CCC([*])c1ccccc1,expt,0,1
76,0.0,1077.0,-11.5015876,OC1CC=CC1,[*]CC=CCC([*])O,expt,0,1
77,0.0,1078.0,-23.8,O=C1N([H])C2CCCC1O2,[*]NC1CCCC(C([*])=O)O1,expt,0,1
78,0.0,1083.0,-4.5,O=C1SCCCC1C,O=C(C(C)CCC[*])S[*],expt,0,1
79,0.0,1088.0,-12.7,C[Si](C)(OC1C=CCC1)C,[*]C/C=C/C(O[Si](C)(C)C)C[*],expt,0,1
80,0.0,1089.0,-21.3,CC[Si](CC)(OC1C=CCC1)CC,[*]C/C=C/C(C[*])O[Si](CC)(CC)CC,expt,0,1
81,0.0,1090.0,-6.8,C[Si](C(C)(C)C)(OC1C=CCC1)C,[*]C/C=C/C(O[Si](C(C)(C)C)(C)C)C[*],expt,0,1
82,0.0,1097.0,-17.9,O=C(OC)CCCCC1SSCC1,O=C(OC)CCCCC(CCS[*])S[*],expt,0,1
83,0.0,1098.0,-21.0,CC1(C)COC(=O)OC1,[*]CC(C)(C)COC(=O)O[*],expt,0,1
84,0.0,1099.0,-18.0,CCC1(CC)COC(=O)OC1,[*]CC(CC)(CC)COC(=O)O[*],expt,0,1
85,0.0,1100.0,-16.0,CC2(c1ccccc1)COC(=O)OC2,[*]CC(C)(COC(=O)O[*])c1ccccc1,expt,0,1
86,0.0,1101.0,-5.0,CCC2(c1ccccc1)COC(=O)OC2,[*]CC(CC)(COC(=O)O[*])c1ccccc1,expt,0,1
87,0.0,1113.0,-25.0,CC(=O)OC1CC(=O)OC(C)C1,[*]OC(C)CC(CC([*])=O)OC(C)=O,expt,0,1
88,0.0,1121.0,-4.92,CC1SC(=O)C(C)SC1=O,[*]SC(C)C(=O)SC(C)C([*])=O,expt,0,1
89,0.0,1128.0,-17.88,O=[N+](C1=CC(CC(OC)CCCS2)=C2C=C1)[O-],[*]C1=CC=C([N+]([O-])=O)C=C1CC(OC)CCCS[*],expt,0,1
90,0.0,1129.0,-16.5,C=C1CCCOC1=O,[*]OCCCC(=C)C([*])=O,expt,0,1
91,0.0,1130.0,-15.2,COC(=O)C1CCC(=O)OC1,[*]OCC(CCC([*])=O)C(=O)OC,expt,0,1
92,0.0,1131.0,-27.3,CC2(C)Oc1ccccc1COC2=O,[*]OCc1ccccc1OC(C)(C)C([*])=O,expt,0,1
93,0.0,1132.0,-21.1,O=C1OC2CCCC1C2,[*]OC1CCCC(C([*])=O)C1,expt,0,1
94,0.0,1133.0,-10.0,O=C1NC2CCCC1C2,[*]NC1CCCC(C([*])=O)C1,expt,0,1
95,0.0,1134.0,-20.0,C1COCO1,[*]COCCO[*],expt,0,1
96,0.0,1135.0,-8.8,C/2=C/CC[C@@H]1CC[C@H]1CC2,[*]=CCC[C@@H]1CC[C@H]1CCC=[*],expt,0,1
97,0.0,1136.0,-7.1,COC(=O)C2[C@H]1CC/C=C\CC[C@@H]1C2C(=O)OC,[*]=CCC[C@H]1[C@H](CCC=[*])C(C(=O)OC)C1C(=O)OC,expt,0,1
98,0.0,1137.0,-11.7,O=C3[C@@H]2[C@H]1CC/C=C\CC[C@@H]1[C@@H]2C(=O)N3c4ccccc4,[*]=CCC[C@H]2[C@H](CCC=[*])[C@@H]3C(=O)N(c1ccccc1)C(=O)[C@H]23,expt,0,1
99,0.0,1138.0,-12.1,C/2=C/CC[C@@H]1CCC[C@H]1CC2,[*]=CCC[C@@H]1CCC[C@H]1CCC=[*],expt,0,1
100,0.0,1139.0,-11.3,C/2=C/CC[C@@H]1OCO[C@H]1CC2,[*]=CCC[C@@H]1OCO[C@H]1CCC=[*],expt,0,1
101,0.0,1140.0,-10.9,CC2O[C@H]1CC/C=C\CC[C@@H]1O2,[*]=CCC[C@@H]1OC(C)O[C@H]1CCC=[*],expt,0,1
102,0.0,1141.0,-13.4,CC2(C)O[C@H]1CC/C=C\CC[C@@H]1O2,[*]=CCC[C@@H]1OC(C)(C)O[C@H]1CCC=[*],expt,0,1
103,0.0,1142.0,-13.8,CCCCCC2(CCCC)O[C@H]1CC/C=C\CC[C@@H]1O2,[*]=CCC[C@@H]1OC(CCCC)(CCCCC)O[C@H]1CCC=[*],expt,0,1
104,0.0,1143.0,-11.7,C/3=C/CC[C@@H]2OC1(CCCCC1)O[C@H]2CC3,[*]=CCC[C@@H]2OC1(CCCCC1)O[C@H]2CCC=[*],expt,0,1
105,0.0,1144.0,-34.7,O=C1OC2C=CCC1C2,[*]OC1C=CCC(C([*])=O)C1,expt,0,1
106,0.0,1145.0,-19.8,O=C1OC2C=CCC1C2,[*]=CCC1CC(C=[*])OC1=O,expt,0,1
107,0.0,1146.0,-20.9,C1=COCC1,[*]=CCCOC=[*],expt,0,1
108,0.0,1147.0,-18.11,CC1CCCSC(=S)S1,[*]SCCCC(C)SC([*])=S,expt,0,1
109,1.0,1.0,-13.71595181,CC1OCCOC1=O,[*]OCCOC(C)C([*])=O,dft,1,0
110,1.0,4.0,13.87573289,CC1CCC(C(C)C)OC(=O)C1,[*]OC(CCC(C)CC([*])=O)C(C)C,dft,1,0
111,1.0,6.0,16.01082059,CC1CCOC(=O)C1,[*]OCCC(C)CC([*])=O,dft,1,0
112,1.0,7.0,1.833305271,O=C1CCCO1,[*]OCCCC([*])=O,dft,1,0
113,1.0,9.0,-14.03490709,CC1CCCC(=O)O1,[*]OC(C)CCCC([*])=O,dft,1,0
114,1.0,12.0,-1.267360558,CCCCCC1CCCC(=O)O1,[*]OC(CCCCC)CCCC([*])=O,dft,1,0
115,1.0,15.0,11.14237359,O=C1COCCO1,[*]OCCOCC([*])=O,dft,1,0
116,1.0,17.0,-23.31413785,O=C1CCCCO1,[*]OCCCCC([*])=O,dft,1,0
117,1.0,19.0,-21.88053303,O=C1CCCCCO1,[*]OCCCCCC([*])=O,dft,1,0
118,1.0,32.0,-17.37939975,C=CCOCC1(CC)COC(=O)OC1,[*]CC(CC)(COCC=C)COC(=O)O[*],dft,1,0
119,1.0,42.0,-14.72268517,O=C1CCCCCN1,[*]NCCCCCC([*])=O,dft,1,0
120,1.0,43.0,-3.021831515,O=C1CCCCCCN1,[*]NCCCCCCC([*])=O,dft,1,0
121,1.0,44.0,-19.99289416,O=C1CCCCCCCN1,[*]NCCCCCCCC([*])=O,dft,1,0
122,1.0,48.0,-8.63718757,O=C1CCCCCCCCCCCN1,[*]NCCCCCCCCCCCC([*])=O,dft,1,0
123,1.0,49.0,-77.80608666,C1CC1,[*]CCC[*],dft,1,0
124,1.0,50.0,-77.59291621,C1CO1,[*]CCO[*],dft,1,0
125,1.0,51.0,-74.24708984,C1CCC1,[*]CCCC[*],dft,1,0
126,1.0,52.0,-61.38751255,O=C1CCO1,[*]OCCC([*])=O,dft,1,0
127,1.0,53.0,-1.506184755,C1CCCC1,[*]CCCCC[*],dft,1,0
128,1.0,82.0,15.79791922,O=C1SC2=C(C=CC=C2)CC1,O=C([*])CCC(C=CC=C1)=C1S[*],dft,1,0
129,1.0,85.0,20.97241851,O=C1SCCC2=C1C=CC=C2,O=C([*])C(C=CC=C1)=C1CCS[*],dft,1,0
130,1.0,87.0,64.91100705,O=C1SC2=C(C=CC=C2)C3=C1C=CC=C3,O=C([*])C(C=CC=C1)=C1C(C=CC=C2)=C2S[*],dft,1,0
131,1.0,119.0,3.428888993,O=C(CS1)N(C)CC1=O,O=C(CS[*])N(C)CC([*])=O,dft,1,0
132,1.0,120.0,15.57861908,O=C(CS1)N(CC)CC1=O,O=C(CS[*])N(CC)CC([*])=O,dft,1,0
133,1.0,126.0,11.23041824,O=C1SCC(N[C@H]1CC2=CC=CC=C2)=O,O=C([*])[C@H](CC1=CC=CC=C1)NC(CS[*])=O,dft,1,0
134,1.0,128.0,33.73019594,O=C1S[C@H](CC2=CC=CC=C2)C(N[C@H]1CC3=CC=CC=C3)=O,O=C([*])[C@H](CC1=CC=CC=C1)NC([C@@H](CC2=CC=CC=C2)S[*])=O,dft,1,0
135,1.0,130.0,-12.58206325,O=C1[C@H](NC(OC(C)(C)C)=O)CS1,O=C([*])[C@H](NC(OC(C)(C)C)=O)CS[*],dft,1,0
136,1.0,137.0,-39.9990322,S=C1CCS1,S=C([*])CCS[*],dft,1,0
137,1.0,139.0,5.977821166,S=C1SCCCC1,S=C([*])CCCCS[*],dft,1,0
138,1.0,147.0,-8.925926532,O=C1OCCCCCC1,O=C([*])CCCCCCO[*],dft,1,0
139,1.0,148.0,-50.309591,S=C1CCO1,S=C([*])CCO[*],dft,1,0
140,1.0,150.0,-22.59146884,S=C1OCCCC1,S=C([*])CCCCO[*],dft,1,0
141,1.0,153.0,-34.79451005,O=C1CCS1,O=C([*])CCS[*],dft,1,0
142,1.0,155.0,2.949607905,O=C1SCCCC1,O=C([*])CCCCS[*],dft,1,0
143,1.0,156.0,-4.10823528,O=C1SCCCCC1,O=C([*])CCCCCS[*],dft,1,0
144,1.0,157.0,-17.82558528,O=C1SCCCCCC1,O=C([*])CCCCCCS[*],dft,1,0
145,1.0,158.0,-64.16603024,O=C1CCN1[H],O=C([*])CCN([*])[H],dft,1,0
146,1.0,159.0,13.82213724,O=C1N([H])CCC1,O=C([*])CCCN([*])[H],dft,1,0
147,1.0,160.0,16.31117635,O=C1N([H])CCCC1,O=C([*])CCCCN[*],dft,1,0
148,1.0,179.0,-47.506745,O=C1OCO1,O=C([*])OCO[*],dft,1,0
149,1.0,180.0,-0.167827107,O=C1OCCO1,O=C([*])OCCO[*],dft,1,0
150,1.0,181.0,-20.28836816,O=C1OCCCO1,O=C([*])OCCCO[*],dft,1,0
151,1.0,182.0,-33.04032899,O=C1OCCCCO1,O=C([*])OCCCCO[*],dft,1,0
152,1.0,183.0,-25.47696483,O=C1OCCCCCO1,O=C([*])OCCCCCO[*],dft,1,0
153,1.0,184.0,-59.36039119,O=C1OCN1,O=C([*])OCN[*],dft,1,0
154,1.0,185.0,-13.22767771,O=C1NCCO1,O=C([*])OCCN[*],dft,1,0
155,1.0,186.0,-19.83842388,O=C1NCCCO1,O=C([*])OCCCN[*],dft,1,0
156,1.0,187.0,-24.68605351,O=C1NCCCCO1,O=C([*])OCCCCN[*],dft,1,0
157,1.0,193.0,16.29459527,O=C1OCCSC1,O=C([*])CSCCO[*],dft,1,0
158,1.0,210.0,4.074156758,O=C1SCOCC1,O=C([*])CCOCS[*],dft,1,0
159,1.0,213.0,6.546714981,O=C1SCCOC1,O=C([*])COCCS[*],dft,1,0
160,1.0,232.0,12.48290654,S=C1SCCSC1,S=C([*])CSCCS[*],dft,1,0
161,1.0,270.0,-25.45288463,S1SSSSSSS1,[*]SSSSSSSS[*],dft,1,0
162,1.0,306.0,6.153657116,O=C1SCCCC1C,O=C([*])C(C)CCCS[*],dft,1,0
163,1.0,314.0,13.67610125,O=C1SCCC(C)(C)C1,O=C([*])CC(C)(C)CCS[*],dft,1,0
164,1.0,315.0,-1.833,O=C1SCCCC1(C)C,O=C([*])C(C)(C)CCCS[*],dft,1,0
165,1.0,336.0,20.61679172,S=C1SCCC(C)C1,S=C([*])CC(C)CCS[*],dft,1,0
166,1.0,337.0,3.064154829,S=C1SCCCC1C,S=C([*])C(C)CCCS[*],dft,1,0
167,1.0,364.0,10.79236276,O=C1SCCC1,O=C([*])CCCS[*],dft,1,0
168,1.0,365.0,-1.642225447,O=C1SCCSC1,O=C([*])CSCCS[*],dft,1,0
169,1.0,371.0,-0.745072248,O=C1SCCOC2=CC=CC=C21,O=C([*])C1=CC=CC=C1OCCS[*],dft,1,0
170,1.0,377.0,-13.45705673,O=C1SCCCS1,O=C([*])SCCCS[*],dft,1,0
171,1.0,378.0,-4.397160544,O=C1SCCCO1,O=C([*])OCCCS[*],dft,1,0
172,1.0,380.0,1.848104544,S=C1SCCCS1,S=C([*])SCCCS[*],dft,1,0
173,1.0,381.0,16.02032358,S=C1SCCO1,S=C([*])OCCS[*],dft,1,0
174,1.0,388.0,9.853403215,C12=CC=CC=C1SCCC3=C2C=CC=C3,[*]C1=CC=CC=C1C(C=CC=C2)=C2CCS[*],dft,1,0
175,1.0,391.0,8.427346869,C1=CCCC1,[*]C=CCCC[*],dft,1,0
176,1.0,415.0,-62.55819428,CC1CO1,[*]CC(C)O[*],dft,1,0
177,1.0,453.0,-79.46690225,C1COC1,[*]CCCO[*],dft,1,0
178,1.0,476.0,-60.36210474,CC1CCO1,[*]CCC(C)O[*],dft,1,0
179,1.0,477.0,-62.10323929,CC1COC1,[*]CC(C)CO[*],dft,1,0
180,1.0,492.0,-76.90097026,OC1COC1,[*]CC(O)CO[*],dft,1,0
181,1.0,507.0,-84.84755151,C1CSS1,[*]CCSS[*],dft,1,0
182,1.0,510.0,-34.08020645,CC1CS1,[*]CC(C)S[*],dft,1,0
183,1.0,512.0,-25.56675576,CCC1CS1,[*]CC(CC)S[*],dft,1,0
184,1.0,518.0,-12.62530577,C1CSSC1,[*]CCCSS[*],dft,1,0
185,1.0,521.0,-30.01654924,CC1(C)CS1,[*]CC(C)(C)S[*],dft,1,0
186,1.0,522.0,-47.44378139,CC1CCS1,[*]CCC(C)S[*],dft,1,0
187,1.0,525.0,9.39832671,C1CCSC1,[*]CCCCS[*],dft,1,0
188,1.0,556.0,-51.83818412,O=C1CCO1,[*]CCC(=O)O[*],dft,1,0
189,1.0,578.0,-77.50217151,O=C1CCN1,[*]CCC(=O)N[*],dft,1,0
190,1.0,616.0,-85.32588121,C1CN1,[*]CCN[*],dft,1,0
191,1.0,753.0,-164.0711816,CC1(C)C=C1,[*]C=CC([*])(C)C,dft,1,0
192,1.0,787.0,3.879360964,O=C1CCCCS1,[*]CCCCC(=O)S[*],dft,1,0
193,1.0,937.0,-33.75944496,O=S1CCC1,[*]CCCS([*])=O,dft,1,0
194,1.0,981.0,25.71785231,O=C2OC1CCCCC1O2,[*]OC1CCCCC1OC([*])=O,dft,1,0
195,1.0,986.0,4.119127338,C1CCOC1,[*]CCCCO[*],dft,1,0
196,1.0,988.0,-17.79449175,O=C1NCCCO1,[*]OCCCNC([*])=O,dft,1,0
197,1.0,993.0,13.0056018,C1CCCCC1,[*]CCCCCC[*],dft,1,0
198,1.0,994.0,-4.755560263,C1CCCCCC1,[*]CCCCCCC[*],dft,1,0
199,1.0,995.0,-18.51636315,C1CCCCCCC1,[*]CCCCCCCC[*],dft,1,0
200,1.0,1002.0,-4.043415373,C1=CCCC1,[*]CCCCC=[*],dft,1,0
201,1.0,1003.0,-13.92313408,O=S1(=O)CCCO1,[*]CCCS(=O)(=O)O[*],dft,1,0
202,1.0,1007.0,-1.046487956,CC(C)(C)OC(=O)N1CCOC(=O)C1,[*]OCCN(CC([*])=O)C(=O)OC(C)(C)C,dft,1,0
203,1.0,1026.0,4.410939685,O=C(OCC)CCCCC1CCSS1,[*]SCCC(CCCCC(OCC)=O)S[*],dft,1,0
204,1.0,1029.0,7.9565,CC1CCOC1,[*]OCC(C)CC[*],dft,1,0
205,1.0,1034.0,-61.92704099,CC1CC1,[*]CC(C)C[*],dft,1,0
206,1.0,1035.0,-66.83285016,CC1CCC1,[*]CCC(C)C[*],dft,1,0
207,1.0,1036.0,4.470796813,CC1CCCC1,[*]CCCC(C)C[*],dft,1,0
208,1.0,1037.0,19.528556,CC1CCCCC1,[*]CC(C)CCCC[*],dft,1,0
209,1.0,1038.0,-62.4445,CC1(C)CC1,[*]CC(C)(C)C[*],dft,1,0
210,1.0,1040.0,18.18336602,CC1(C)CCCC1,[*]CC(C)(C)CCC[*],dft,1,0
211,1.0,1041.0,37.13267441,CC1(C)CCCCC1,[*]CC(C)(CCCC[*])C,dft,1,0
212,1.0,1043.0,-2.129801604,S=C1CCCCCO1,[*]CCCCCC(=S)O[*],dft,1,0
213,1.0,1045.0,11.92158339,O=C1S[C@@H]2CC[C@H]1C2,[*]SC1CCC(C([*])=O)C1,dft,1,0
214,1.0,1048.0,-14.43999878,CC1(C)SCCSC1=O,[*]CCSC(C)(C)C(=O)S[*],dft,1,0
215,1.0,1049.0,-7.52442262,CC1SCCSC1=O,[*]CCSC(C)C(=O)S[*],dft,1,0
216,1.0,1050.0,-19.83627825,CC1CCCOC1=O,[*]OCCCC(C)C([*])=O,dft,1,0
217,1.0,1051.0,11.01435646,CC1CCC(=O)OC1,[*]OCC(C)CCC([*])=O,dft,1,0
218,1.0,1052.0,-1.531521223,CCC1CCCC(=O)O1,[*]OC(CC)CCCC([*])=O,dft,1,0
219,1.0,1053.0,9.227649839,CCCC1CCCC(=O)O1,[*]OC(CCC)CCCC([*])=O,dft,1,0
220,1.0,1054.0,-13.06924352,CCCCC1CCCC(=O)O1,[*]OC(CCCC)CCCC([*])=O,dft,1,0
221,1.0,1056.0,-4.30694125,CCCCCCC1CCCC(=O)O1,[*]OC(CCCCCC)CCCC([*])=O,dft,1,0
222,1.0,1057.0,-0.0976,CCCCCCCC1CCCC(=O)O1,[*]OC(CCCCCCC)CCCC([*])=O,dft,1,0
223,1.0,1058.0,-16.26371583,CCCCCCCCCC1CCCC(=O)O1,[*]OC(CCCCCCCCC)CCCC([*])=O,dft,1,0
224,1.0,1059.0,6.247521176,CC(C)C1CC(=O)OC(C)C1,[*]OC(C)CC(CC([*])=O)C(C)C,dft,1,0
225,1.0,1060.0,-3.887183916,C=C1CCOC1=O,[*]OCCC(=C)C([*])=O,dft,1,0
226,1.0,1063.0,-30.23019139,CC1OC(=O)C(C)OC1=O,[*]OC(C)C(=O)OC(C)C([*])=O,dft,1,0
227,1.0,1068.0,-6.520283869,O=C(OCc1ccccc1)C2CC=CC2,[*]CC=CCC([*])C(=O)OCc1ccccc1,dft,1,0
228,1.0,1069.0,10.03432329,C2=CCC(OCc1ccccc1)C2,[*]CC=CCC([*])OCc1ccccc1,dft,1,0
229,1.0,1070.0,7.931354161,C2=CCC(COCc1ccccc1)C2,[*]CC=CCC([*])COCc1ccccc1,dft,1,0
230,1.0,1071.0,10.46547962,OCC1CC=CC1,[*]CC=CCC([*])CO,dft,1,0
231,1.0,1072.0,2.493627846,COC(=O)C1CC=CC1,[*]CC=CCC([*])C(=O)OC,dft,1,0
232,1.0,1073.0,3.756341052,O=C(O)C1CC=CC1,[*]CC=CCC([*])C(=O)O,dft,1,0
233,1.0,1075.0,2.484686522,C2=CCC(c1ccccc1)C2,[*]CC=CCC([*])c1ccccc1,dft,1,0
234,1.0,1077.0,1.460255778,OC1CC=CC1,[*]CC=CCC([*])O,dft,1,0
235,1.0,1078.0,8.309905668,O=C1N([H])C2CCCC1O2,[*]NC1CCCC(C([*])=O)O1,dft,1,0
236,1.0,1079.0,10.18487555,O=C1SCCC(C)C1,[*]C(CC(C)CCS[*])=O,dft,1,0
237,1.0,1083.0,5.156719567,O=C1SCCCC1C,O=C(C(C)CCC[*])S[*],dft,1,0
238,1.0,1097.0,-2.276168213,O=C(OC)CCCCC1SSCC1,O=C(OC)CCCCC(CCS[*])S[*],dft,1,0
239,1.0,1098.0,-10.07935236,CC1(C)COC(=O)OC1,[*]CC(C)(C)COC(=O)O[*],dft,1,0
240,1.0,1099.0,-6.778891894,CCC1(CC)COC(=O)OC1,[*]CC(CC)(CC)COC(=O)O[*],dft,1,0
241,1.0,1100.0,-13.81733726,CC2(c1ccccc1)COC(=O)OC2,[*]CC(C)(COC(=O)O[*])c1ccccc1,dft,1,0
242,1.0,1101.0,-0.698954629,CCC2(c1ccccc1)COC(=O)OC2,[*]CC(CC)(COC(=O)O[*])c1ccccc1,dft,1,0
243,1.0,1103.0,6.488528096,O=C1SCCSC1C2=CC=CC=C2,[*]CCSC(C1=CC=CC=C1)C(S[*])=O,dft,1,0
244,1.0,1113.0,2.805601428,CC(=O)OC1CC(=O)OC(C)C1,[*]OC(C)CC(CC([*])=O)OC(C)=O,dft,1,0
245,1.0,1114.0,-6.261756449,S=C1SCCSC1C2=CC=CC=C2,[*]C(C(C1=CC=CC=C1)SCCS[*])=S,dft,1,0
246,1.0,1115.0,2.757849699,S=C1SCCSC1C,[*]C(C(C)SCCS[*])=S,dft,1,0
247,1.0,1116.0,5.78574804,S=C1SCCSC1(C)C,[*]C(C(C)(C)SCCS[*])=S,dft,1,0
248,1.0,1117.0,26.94133165,S=C(C(C)(C)S1)SC(C)(C)C1=S,[*]C(C(C)(C)SC(C(C)(C)S[*])=S)=S,dft,1,0
249,1.0,1119.0,-11.99370944,S=C1SCCCO1,S=C([*])OCCCS[*],dft,1,0
250,1.0,1120.0,-18.22424177,S=C1OCCCO1,S=C([*])OCCCO[*],dft,1,0
251,1.0,1121.0,29.53577379,CC1SC(=O)C(C)SC1=O,[*]SC(C)C(=O)SC(C)C([*])=O,dft,1,0
252,1.0,1122.0,-13.9793457831161,C=C(CCCS1)CC2=C1C=CC([N+]([O-])=O)=C2,C=C(CCCS[*])CC1=C([*])C=CC([N+]([O-])=O)=C1,dft,1,0
253,1.0,1123.0,-9.24121326426481,O=C(CCCS1)CC2=C1C=CC([N+]([O-])=O)=C2,O=C(CCCS[*])CC1=C([*])C=CC([N+]([O-])=O)=C1,dft,1,0
254,1.0,1124.0,-11.8813464279933,OC(CCCS1)CC2=C1C=CC([N+]([O-])=O)=C2,OC(CCCS[*])CC1=C([*])C=CC([N+]([O-])=O)=C1,dft,1,0
255,1.0,1125.0,-14.0328424558056,O=C1CC2=CC([N+]([O-])=O)=CC=C2SCCCC1,O=C(CCCCS[*])CC1=CC([N+]([O-])=O)=CC=C1[*],dft,1,0
256,1.0,1126.0,-4.33837338025543,C=C1CC2=CC([N+]([O-])=O)=CC=C2SCCCC1,C=C(CCCCS[*])CC1=CC([N+]([O-])=O)=CC=C1[*],dft,1,0
257,1.0,1127.0,-4.78505247161447,OC1CC2=CC([N+]([O-])=O)=CC=C2SCCCC1,OC(CCCCS[*])CC1=CC([N+]([O-])=O)=CC=C1[*],dft,1,0
258,0.7507507507507507,1.0,-10.75279868,CC1OCCOC1=O,[*]OCCOC(C)C([*])=O,dft,1,0
259,0.7507507507507507,4.0,8.046920075,CC1CCC(C(C)C)OC(=O)C1,[*]OC(CCC(C)CC([*])=O)C(C)C,dft,1,0
260,0.7507507507507507,6.0,3.439502406,CC1CCOC(=O)C1,[*]OCCC(C)CC([*])=O,dft,1,0
261,0.7507507507507507,7.0,-0.486138668,O=C1CCCO1,[*]OCCCC([*])=O,dft,1,0
262,0.7507507507507507,9.0,-13.04904261,CC1CCCC(=O)O1,[*]OC(C)CCCC([*])=O,dft,1,0
263,0.7507507507507507,12.0,-6.283731864,CCCCCC1CCCC(=O)O1,[*]OC(CCCCC)CCCC([*])=O,dft,1,0
264,0.7507507507507507,15.0,4.007923926,O=C1COCCO1,[*]OCCOCC([*])=O,dft,1,0
265,0.7507507507507507,17.0,-23.81459703,O=C1CCCCO1,[*]OCCCCC([*])=O,dft,1,0
266,0.7507507507507507,42.0,-16.73565293,O=C1CCCCCN1,[*]NCCCCCC([*])=O,dft,1,0
267,0.7507507507507507,43.0,-7.467875002,O=C1CCCCCCN1,[*]NCCCCCCC([*])=O,dft,1,0
268,0.7507507507507507,44.0,-25.26924393,O=C1CCCCCCCN1,[*]NCCCCCCCC([*])=O,dft,1,0
269,0.7507507507507507,48.0,-7.482074848,O=C1CCCCCCCCCCCN1,[*]NCCCCCCCCCCCC([*])=O,dft,1,0
270,0.7507507507507507,49.0,-80.70405051,C1CC1,[*]CCC[*],dft,1,0
271,0.7507507507507507,50.0,-87.90154793,C1CO1,[*]CCO[*],dft,1,0
272,0.7507507507507507,51.0,-83.77629971,C1CCC1,[*]CCCC[*],dft,1,0
273,0.7507507507507507,52.0,-67.41640473,O=C1CCO1,[*]OCCC([*])=O,dft,1,0
274,0.7507507507507507,53.0,-7.007313591,C1CCCC1,[*]CCCCC[*],dft,1,0
275,0.7507507507507507,139.0,-0.906514702,S=C1SCCCC1,S=C([*])CCCCS[*],dft,1,0
276,0.7507507507507507,150.0,-15.49741271,S=C1OCCCC1,S=C([*])CCCCO[*],dft,1,0
277,0.7507507507507507,160.0,2.666517759,O=C1N([H])CCCC1,O=C([*])CCCCN[*],dft,1,0
278,0.7507507507507507,181.0,-22.27262695,O=C1OCCCO1,O=C([*])OCCCO[*],dft,1,0
279,0.7507507507507507,186.0,-18.83714474,O=C1NCCCO1,O=C([*])OCCCN[*],dft,1,0
280,0.7507507507507507,193.0,-6.10158765,O=C1OCCSC1,O=C([*])CSCCO[*],dft,1,0
281,0.7507507507507507,232.0,-1.539818465,S=C1SCCSC1,S=C([*])CSCCS[*],dft,1,0
282,0.7507507507507507,315.0,5.126,O=C1SCCCC1(C)C,O=C([*])C(C)(C)CCCS[*],dft,1,0
283,0.7507507507507507,365.0,-14.87378653,O=C1SCCSC1,O=C([*])CSCCS[*],dft,1,0
284,0.7507507507507507,787.0,3.353366043,O=C1CCCCS1,[*]CCCCC(=O)S[*],dft,1,0
285,0.7507507507507507,988.0,-19.34593302,O=C1NCCCO1,[*]OCCCNC([*])=O,dft,1,0
286,0.7507507507507507,993.0,9.303631449,C1CCCCC1,[*]CCCCCC[*],dft,1,0
287,0.7507507507507507,994.0,-10.22796667,C1CCCCCC1,[*]CCCCCCC[*],dft,1,0
288,0.7507507507507507,995.0,-19.39271088,C1CCCCCCC1,[*]CCCCCCCC[*],dft,1,0
289,0.7507507507507507,1002.0,-8.267577357,C1=CCCC1,[*]CCCCC=[*],dft,1,0
290,0.7507507507507507,1003.0,-15.66670898,O=S1(=O)CCCO1,[*]CCCS(=O)(=O)O[*],dft,1,0
291,0.7507507507507507,1034.0,-76.18009596,CC1CC1,[*]CC(C)C[*],dft,1,0
292,0.7507507507507507,1035.0,-71.3266188,CC1CCC1,[*]CCC(C)C[*],dft,1,0
293,0.7507507507507507,1036.0,2.772601701,CC1CCCC1,[*]CCCC(C)C[*],dft,1,0
294,0.7507507507507507,1037.0,15.08862801,CC1CCCCC1,[*]CC(C)CCCC[*],dft,1,0
295,0.7507507507507507,1040.0,12.72820579,CC1(C)CCCC1,[*]CC(C)(C)CCC[*],dft,1,0
296,0.7507507507507507,1041.0,29.97799281,CC1(C)CCCCC1,[*]CC(C)(CCCC[*])C,dft,1,0
297,0.7507507507507507,1043.0,-5.461991638,S=C1CCCCCO1,[*]CCCCCC(=S)O[*],dft,1,0
298,0.7507507507507507,1048.0,-9.907043821,CC1(C)SCCSC1=O,[*]CCSC(C)(C)C(=O)S[*],dft,1,0
299,0.7507507507507507,1049.0,-3.655677487,CC1SCCSC1=O,[*]CCSC(C)C(=O)S[*],dft,1,0
300,0.7507507507507507,1050.0,-24.19549237,CC1CCCOC1=O,[*]OCCCC(C)C([*])=O,dft,1,0
301,0.7507507507507507,1052.0,-4.104394462,CCC1CCCC(=O)O1,[*]OC(CC)CCCC([*])=O,dft,1,0
302,0.7507507507507507,1053.0,-0.878754717,CCCC1CCCC(=O)O1,[*]OC(CCC)CCCC([*])=O,dft,1,0
303,0.7507507507507507,1056.0,-4.762329308,CCCCCCC1CCCC(=O)O1,[*]OC(CCCCCC)CCCC([*])=O,dft,1,0
304,0.7507507507507507,1057.0,-0.0676,CCCCCCCC1CCCC(=O)O1,[*]OC(CCCCCCC)CCCC([*])=O,dft,1,0
305,0.7507507507507507,1058.0,-9.853581061,CCCCCCCCCC1CCCC(=O)O1,[*]OC(CCCCCCCCC)CCCC([*])=O,dft,1,0
306,0.7507507507507507,1060.0,-6.753660511,C=C1CCOC1=O,[*]OCCC(=C)C([*])=O,dft,1,0
307,0.7507507507507507,1066.0,1.590599001,C1=CCCC1,[*]CC=CCC[*],dft,1,0
308,0.7507507507507507,1079.0,5.189630304,O=C1SCCC(C)C1,[*]C(CC(C)CCS[*])=O,dft,1,0
309,0.7507507507507507,1080.0,15.72045307,O=C1SCCC(C)(C)C1,[*]C(CC(C)(C)CCS[*])=O,dft,1,0
310,0.7507507507507507,1083.0,3.412125761,O=C1SCCCC1C,O=C(C(C)CCC[*])S[*],dft,1,0
311,0.7507507507507507,1098.0,-11.944881,CC1(C)COC(=O)OC1,[*]CC(C)(C)COC(=O)O[*],dft,1,0
312,0.7507507507507507,1099.0,-3.6278476,CCC1(CC)COC(=O)OC1,[*]CC(CC)(CC)COC(=O)O[*],dft,1,0
313,0.7507507507507507,1100.0,-13.50563381,CC2(c1ccccc1)COC(=O)OC2,[*]CC(C)(COC(=O)O[*])c1ccccc1,dft,1,0
314,0.7507507507507507,1101.0,-0.585912777,CCC2(c1ccccc1)COC(=O)OC2,[*]CC(CC)(COC(=O)O[*])c1ccccc1,dft,1,0
315,0.7507507507507507,1114.0,9.656307991,S=C1SCCSC1C2=CC=CC=C2,[*]C(C(C1=CC=CC=C1)SCCS[*])=S,dft,1,0
316,0.7507507507507507,1116.0,4.792565957,S=C1SCCSC1(C)C,[*]C(C(C)(C)SCCS[*])=S,dft,1,0
317,0.7507507507507507,1117.0,31.11589264,S=C(C(C)(C)S1)SC(C)(C)C1=S,[*]C(C(C)(C)SC(C(C)(C)S[*])=S)=S,dft,1,0
318,0.7507507507507507,1119.0,-11.41380236,S=C1SCCCO1,S=C([*])OCCCS[*],dft,1,0
319,0.7507507507507507,1120.0,-17.35509188,S=C1OCCCO1,S=C([*])OCCCO[*],dft,1,0
320,0.7507507507507507,1122.0,-22.0333417815854,C=C(CCCS1)CC2=C1C=CC([N+]([O-])=O)=C2,C=C(CCCS[*])CC1=C([*])C=CC([N+]([O-])=O)=C1,dft,1,0
321,0.7507507507507507,1123.0,-0.88264953006294,O=C(CCCS1)CC2=C1C=CC([N+]([O-])=O)=C2,O=C(CCCS[*])CC1=C([*])C=CC([N+]([O-])=O)=C1,dft,1,0
322,0.7507507507507507,1124.0,-11.0443063405055,OC(CCCS1)CC2=C1C=CC([N+]([O-])=O)=C2,OC(CCCS[*])CC1=C([*])C=CC([N+]([O-])=O)=C1,dft,1,0
323,0.7507507507507507,1125.0,-17.4081508481705,O=C1CC2=CC([N+]([O-])=O)=CC=C2SCCCC1,O=C(CCCCS[*])CC1=CC([N+]([O-])=O)=CC=C1[*],dft,1,0
324,0.7507507507507507,1126.0,-14.3432713196658,C=C1CC2=CC([N+]([O-])=O)=CC=C2SCCCC1,C=C(CCCCS[*])CC1=CC([N+]([O-])=O)=CC=C1[*],dft,1,0
325,0.7507507507507507,1127.0,-8.10870405403468,OC1CC2=CC([N+]([O-])=O)=CC=C2SCCCC1,OC(CCCCS[*])CC1=CC([N+]([O-])=O)=CC=C1[*],dft,1,0
326,0.6006006006006006,1.0,-15.02317308,CC1OCCOC1=O,[*]OCCOC(C)C([*])=O,dft,1,0
327,0.6006006006006006,4.0,5.92479787,CC1CCC(C(C)C)OC(=O)C1,[*]OC(CCC(C)CC([*])=O)C(C)C,dft,1,0
328,0.6006006006006006,6.0,-0.339636737,CC1CCOC(=O)C1,[*]OCCC(C)CC([*])=O,dft,1,0
329,0.6006006006006006,7.0,0.739760867,O=C1CCCO1,[*]OCCCC([*])=O,dft,1,0
330,0.6006006006006006,9.0,-16.31028882,CC1CCCC(=O)O1,[*]OC(C)CCCC([*])=O,dft,1,0
331,0.6006006006006006,15.0,0.281553899,O=C1COCCO1,[*]OCCOCC([*])=O,dft,1,0
332,0.6006006006006006,17.0,-15.81772788,O=C1CCCCO1,[*]OCCCCC([*])=O,dft,1,0
333,0.6006006006006006,42.0,-17.24872697,O=C1CCCCCN1,[*]NCCCCCC([*])=O,dft,1,0
334,0.6006006006006006,43.0,-8.608686401,O=C1CCCCCCN1,[*]NCCCCCCC([*])=O,dft,1,0
335,0.6006006006006006,44.0,-25.71595631,O=C1CCCCCCCN1,[*]NCCCCCCCC([*])=O,dft,1,0
336,0.6006006006006006,48.0,-12.95315483,O=C1CCCCCCCCCCCN1,[*]NCCCCCCCCCCCC([*])=O,dft,1,0
337,0.6006006006006006,49.0,-87.27074861,C1CC1,[*]CCC[*],dft,1,0
338,0.6006006006006006,50.0,-87.84665484,C1CO1,[*]CCO[*],dft,1,0
339,0.6006006006006006,51.0,-83.95694087,C1CCC1,[*]CCCC[*],dft,1,0
340,0.6006006006006006,52.0,-70.03088211,O=C1CCO1,[*]OCCC([*])=O,dft,1,0
341,0.6006006006006006,53.0,-7.780150848,C1CCCC1,[*]CCCCC[*],dft,1,0
342,0.6006006006006006,139.0,-4.767364529,S=C1SCCCC1,S=C([*])CCCCS[*],dft,1,0
343,0.6006006006006006,150.0,-0.116126573,S=C1OCCCC1,S=C([*])CCCCO[*],dft,1,0
344,0.6006006006006006,160.0,10.39476152,O=C1N([H])CCCC1,O=C([*])CCCCN[*],dft,1,0
345,0.6006006006006006,181.0,-21.18165286,O=C1OCCCO1,O=C([*])OCCCO[*],dft,1,0
346,0.6006006006006006,186.0,-16.58803255,O=C1NCCCO1,O=C([*])OCCCN[*],dft,1,0
347,0.6006006006006006,193.0,1.4560203,O=C1OCCSC1,O=C([*])CSCCO[*],dft,1,0
348,0.6006006006006006,232.0,9.037088134,S=C1SCCSC1,S=C([*])CSCCS[*],dft,1,0
349,0.6006006006006006,315.0,-5.636,O=C1SCCCC1(C)C,O=C([*])C(C)(C)CCCS[*],dft,1,0
350,0.6006006006006006,365.0,0.701729401,O=C1SCCSC1,O=C([*])CSCCS[*],dft,1,0
351,0.6006006006006006,787.0,-6.071564212,O=C1CCCCS1,[*]CCCCC(=O)S[*],dft,1,0
352,0.6006006006006006,986.0,5.309380425,C1CCOC1,[*]CCCCO[*],dft,1,0
353,0.6006006006006006,988.0,-15.6907,O=C1NCCCO1,[*]OCCCNC([*])=O,dft,1,0
354,0.6006006006006006,993.0,10.08117315,C1CCCCC1,[*]CCCCCC[*],dft,1,0
355,0.6006006006006006,994.0,-15.46561841,C1CCCCCC1,[*]CCCCCCC[*],dft,1,0
356,0.6006006006006006,995.0,-19.29645588,C1CCCCCCC1,[*]CCCCCCCC[*],dft,1,0
357,0.6006006006006006,1002.0,-7.348657438,C1=CCCC1,[*]CCCCC=[*],dft,1,0
358,0.6006006006006006,1003.0,-15.09010852,O=S1(=O)CCCO1,[*]CCCS(=O)(=O)O[*],dft,1,0
359,0.6006006006006006,1029.0,3.8842,CC1CCOC1,[*]OCC(C)CC[*],dft,1,0
360,0.6006006006006006,1034.0,-74.97073132,CC1CC1,[*]CC(C)C[*],dft,1,0
361,0.6006006006006006,1035.0,-74.44854241,CC1CCC1,[*]CCC(C)C[*],dft,1,0
362,0.6006006006006006,1036.0,0.58801081,CC1CCCC1,[*]CCCC(C)C[*],dft,1,0
363,0.6006006006006006,1037.0,21.0243825,CC1CCCCC1,[*]CC(C)CCCC[*],dft,1,0
364,0.6006006006006006,1038.0,-63.5806,CC1(C)CC1,[*]CC(C)(C)C[*],dft,1,0
365,0.6006006006006006,1041.0,30.32821801,CC1(C)CCCCC1,[*]CC(C)(CCCC[*])C,dft,1,0
366,0.6006006006006006,1043.0,-15.8349,S=C1CCCCCO1,[*]CCCCCC(=S)O[*],dft,1,0
367,0.6006006006006006,1044.0,-12.13888838,O=C1OCCCCCC1,O=C(CCCCCCO[*])[*],dft,1,0
368,0.6006006006006006,1048.0,-9.370968395,CC1(C)SCCSC1=O,[*]CCSC(C)(C)C(=O)S[*],dft,1,0
369,0.6006006006006006,1049.0,0.032691729,CC1SCCSC1=O,[*]CCSC(C)C(=O)S[*],dft,1,0
370,0.6006006006006006,1050.0,-18.32158566,CC1CCCOC1=O,[*]OCCCC(C)C([*])=O,dft,1,0
371,0.6006006006006006,1051.0,4.474823968,CC1CCC(=O)OC1,[*]OCC(C)CCC([*])=O,dft,1,0
372,0.6006006006006006,1052.0,-4.63749208,CCC1CCCC(=O)O1,[*]OC(CC)CCCC([*])=O,dft,1,0
373,0.6006006006006006,1053.0,-8.390863706,CCCC1CCCC(=O)O1,[*]OC(CCC)CCCC([*])=O,dft,1,0
374,0.6006006006006006,1054.0,-7.670817671,CCCCC1CCCC(=O)O1,[*]OC(CCCC)CCCC([*])=O,dft,1,0
375,0.6006006006006006,1056.0,-5.588192456,CCCCCCC1CCCC(=O)O1,[*]OC(CCCCCC)CCCC([*])=O,dft,1,0
376,0.6006006006006006,1057.0,-0.0676,CCCCCCCC1CCCC(=O)O1,[*]OC(CCCCCCC)CCCC([*])=O,dft,1,0
377,0.6006006006006006,1058.0,-22.28829159,CCCCCCCCCC1CCCC(=O)O1,[*]OC(CCCCCCCCC)CCCC([*])=O,dft,1,0
378,0.6006006006006006,1060.0,-7.431898595,C=C1CCOC1=O,[*]OCCC(=C)C([*])=O,dft,1,0
379,0.6006006006006006,1066.0,-2.60180517,C1=CCCC1,[*]CC=CCC[*],dft,1,0
380,0.6006006006006006,1079.0,16.43839939,O=C1SCCC(C)C1,[*]C(CC(C)CCS[*])=O,dft,1,0
381,0.6006006006006006,1080.0,8.952490205,O=C1SCCC(C)(C)C1,[*]C(CC(C)(C)CCS[*])=O,dft,1,0
382,0.6006006006006006,1098.0,-10.98929443,CC1(C)COC(=O)OC1,[*]CC(C)(C)COC(=O)O[*],dft,1,0
383,0.6006006006006006,1099.0,-6.5224068,CCC1(CC)COC(=O)OC1,[*]CC(CC)(CC)COC(=O)O[*],dft,1,0
384,0.6006006006006006,1100.0,-18.69021919,CC2(c1ccccc1)COC(=O)OC2,[*]CC(C)(COC(=O)O[*])c1ccccc1,dft,1,0
385,0.6006006006006006,1101.0,-3.105008474,CCC2(c1ccccc1)COC(=O)OC2,[*]CC(CC)(COC(=O)O[*])c1ccccc1,dft,1,0
386,0.6006006006006006,1103.0,3.31476191,O=C1SCCSC1C2=CC=CC=C2,[*]CCSC(C1=CC=CC=C1)C(S[*])=O,dft,1,0
387,0.6006006006006006,1114.0,2.903066955,S=C1SCCSC1C2=CC=CC=C2,[*]C(C(C1=CC=CC=C1)SCCS[*])=S,dft,1,0
388,0.6006006006006006,1115.0,1.6094,S=C1SCCSC1C,[*]C(C(C)SCCS[*])=S,dft,1,0
389,0.6006006006006006,1116.0,5.188852776,S=C1SCCSC1(C)C,[*]C(C(C)(C)SCCS[*])=S,dft,1,0
390,0.6006006006006006,1117.0,37.54123923,S=C(C(C)(C)S1)SC(C)(C)C1=S,[*]C(C(C)(C)SC(C(C)(C)S[*])=S)=S,dft,1,0
391,0.6006006006006006,1119.0,-11.04212546,S=C1SCCCO1,S=C([*])OCCCS[*],dft,1,0
392,0.6006006006006006,1120.0,-14.87998212,S=C1OCCCO1,S=C([*])OCCCO[*],dft,1,0
393,0.6006006006006006,1122.0,-17.7599231448557,C=C(CCCS1)CC2=C1C=CC([N+]([O-])=O)=C2,C=C(CCCS[*])CC1=C([*])C=CC([N+]([O-])=O)=C1,dft,1,0
394,0.6006006006006006,1123.0,-13.6808791729344,O=C(CCCS1)CC2=C1C=CC([N+]([O-])=O)=C2,O=C(CCCS[*])CC1=C([*])C=CC([N+]([O-])=O)=C1,dft,1,0
395,0.6006006006006006,1124.0,-3.05342600160114,OC(CCCS1)CC2=C1C=CC([N+]([O-])=O)=C2,OC(CCCS[*])CC1=C([*])C=CC([N+]([O-])=O)=C1,dft,1,0
396,0.6006006006006006,1125.0,-10.3274801004166,O=C1CC2=CC([N+]([O-])=O)=CC=C2SCCCC1,O=C(CCCCS[*])CC1=CC([N+]([O-])=O)=CC=C1[*],dft,1,0
397,0.6006006006006006,1126.0,-8.15245644508275,C=C1CC2=CC([N+]([O-])=O)=CC=C2SCCCC1,C=C(CCCCS[*])CC1=CC([N+]([O-])=O)=CC=C1[*],dft,1,0
398,0.6006006006006006,1127.0,-5.21061737955259,OC1CC2=CC([N+]([O-])=O)=CC=C2SCCCC1,OC(CCCCS[*])CC1=CC([N+]([O-])=O)=CC=C1[*],dft,1,0
399,0.5015015015015015,4.0,4.540847171,CC1CCC(C(C)C)OC(=O)C1,[*]OC(CCC(C)CC([*])=O)C(C)C,dft,1,0
400,0.5015015015015015,6.0,-1.982656629,CC1CCOC(=O)C1,[*]OCCC(C)CC([*])=O,dft,1,0
401,0.5015015015015015,9.0,-14.40586034,CC1CCCC(=O)O1,[*]OC(C)CCCC([*])=O,dft,1,0
402,0.5015015015015015,12.0,-6.288428231,CCCCCC1CCCC(=O)O1,[*]OC(CCCCC)CCCC([*])=O,dft,1,0
403,0.5015015015015015,17.0,-12.84841687,O=C1CCCCO1,[*]OCCCCC([*])=O,dft,1,0
404,0.5015015015015015,42.0,-19.18464135,O=C1CCCCCN1,[*]NCCCCCC([*])=O,dft,1,0
405,0.5015015015015015,43.0,-12.85395421,O=C1CCCCCCN1,[*]NCCCCCCC([*])=O,dft,1,0
406,0.5015015015015015,44.0,-26.13836047,O=C1CCCCCCCN1,[*]NCCCCCCCC([*])=O,dft,1,0
407,0.5015015015015015,48.0,-7.351936979,O=C1CCCCCCCCCCCN1,[*]NCCCCCCCCCCCC([*])=O,dft,1,0
408,0.5015015015015015,49.0,-88.76884186,C1CC1,[*]CCC[*],dft,1,0
409,0.5015015015015015,50.0,-87.92363497,C1CO1,[*]CCO[*],dft,1,0
410,0.5015015015015015,51.0,-85.23316677,C1CCC1,[*]CCCC[*],dft,1,0
411,0.5015015015015015,52.0,-70.97096181,O=C1CCO1,[*]OCCC([*])=O,dft,1,0
412,0.5015015015015015,53.0,-9.683952182,C1CCCC1,[*]CCCCC[*],dft,1,0
413,0.5015015015015015,139.0,-2.924421561,S=C1SCCCC1,S=C([*])CCCCS[*],dft,1,0
414,0.5015015015015015,150.0,-15.43978118,S=C1OCCCC1,S=C([*])CCCCO[*],dft,1,0
415,0.5015015015015015,181.0,-22.76343995,O=C1OCCCO1,O=C([*])OCCCO[*],dft,1,0
416,0.5015015015015015,186.0,-16.95073881,O=C1NCCCO1,O=C([*])OCCCN[*],dft,1,0
417,0.5015015015015015,193.0,-7.931385457,O=C1OCCSC1,O=C([*])CSCCO[*],dft,1,0
418,0.5015015015015015,232.0,3.894224371,S=C1SCCSC1,S=C([*])CSCCS[*],dft,1,0
419,0.5015015015015015,315.0,-2.77,O=C1SCCCC1(C)C,O=C([*])C(C)(C)CCCS[*],dft,1,0
420,0.5015015015015015,365.0,-1.308581357,O=C1SCCSC1,O=C([*])CSCCS[*],dft,1,0
421,0.5015015015015015,787.0,5.38139467,O=C1CCCCS1,[*]CCCCC(=O)S[*],dft,1,0
422,0.5015015015015015,988.0,-13.64087459,O=C1NCCCO1,[*]OCCCNC([*])=O,dft,1,0
423,0.5015015015015015,993.0,10.66282005,C1CCCCC1,[*]CCCCCC[*],dft,1,0
424,0.5015015015015015,994.0,-11.62848801,C1CCCCCC1,[*]CCCCCCC[*],dft,1,0
425,0.5015015015015015,995.0,-22.18322819,C1CCCCCCC1,[*]CCCCCCCC[*],dft,1,0
426,0.5015015015015015,1029.0,4.6463,CC1CCOC1,[*]OCC(C)CC[*],dft,1,0
427,0.5015015015015015,1034.0,-75.04097115,CC1CC1,[*]CC(C)C[*],dft,1,0
428,0.5015015015015015,1036.0,0.148490862,CC1CCCC1,[*]CCCC(C)C[*],dft,1,0
429,0.5015015015015015,1037.0,16.43571287,CC1CCCCC1,[*]CC(C)CCCC[*],dft,1,0
430,0.5015015015015015,1038.0,-64.8374,CC1(C)CC1,[*]CC(C)(C)C[*],dft,1,0
431,0.5015015015015015,1040.0,7.912484867,CC1(C)CCCC1,[*]CC(C)(C)CCC[*],dft,1,0
432,0.5015015015015015,1041.0,28.56173798,CC1(C)CCCCC1,[*]CC(C)(CCCC[*])C,dft,1,0
433,0.5015015015015015,1043.0,-5.972706599,S=C1CCCCCO1,[*]CCCCCC(=S)O[*],dft,1,0
434,0.5015015015015015,1050.0,-18.44398124,CC1CCCOC1=O,[*]OCCCC(C)C([*])=O,dft,1,0
435,0.5015015015015015,1052.0,-5.354062626,CCC1CCCC(=O)O1,[*]OC(CC)CCCC([*])=O,dft,1,0
436,0.5015015015015015,1053.0,-1.615599348,CCCC1CCCC(=O)O1,[*]OC(CCC)CCCC([*])=O,dft,1,0
437,0.5015015015015015,1054.0,-10.69866635,CCCCC1CCCC(=O)O1,[*]OC(CCCC)CCCC([*])=O,dft,1,0
438,0.5015015015015015,1057.0,-0.09238,CCCCCCCC1CCCC(=O)O1,[*]OC(CCCCCCC)CCCC([*])=O,dft,1,0
439,0.5015015015015015,1058.0,-16.09295995,CCCCCCCCCC1CCCC(=O)O1,[*]OC(CCCCCCCCC)CCCC([*])=O,dft,1,0
440,0.5015015015015015,1060.0,-6.468975756,C=C1CCOC1=O,[*]OCCC(=C)C([*])=O,dft,1,0
441,0.5015015015015015,1066.0,-6.270675652,C1=CCCC1,[*]CC=CCC[*],dft,1,0
442,0.5015015015015015,1079.0,7.889116163,O=C1SCCC(C)C1,[*]C(CC(C)CCS[*])=O,dft,1,0
443,0.5015015015015015,1080.0,8.481982121,O=C1SCCC(C)(C)C1,[*]C(CC(C)(C)CCS[*])=O,dft,1,0
444,0.5015015015015015,1098.0,-10.78096692,CC1(C)COC(=O)OC1,[*]CC(C)(C)COC(=O)O[*],dft,1,0
445,0.5015015015015015,1099.0,-7.94845963,CCC1(CC)COC(=O)OC1,[*]CC(CC)(CC)COC(=O)O[*],dft,1,0
446,0.5015015015015015,1100.0,-11.592997,CC2(c1ccccc1)COC(=O)OC2,[*]CC(C)(COC(=O)O[*])c1ccccc1,dft,1,0
447,0.5015015015015015,1101.0,1.619230023,CCC2(c1ccccc1)COC(=O)OC2,[*]CC(CC)(COC(=O)O[*])c1ccccc1,dft,1,0
448,0.5015015015015015,1114.0,20.73346192,S=C1SCCSC1C2=CC=CC=C2,[*]C(C(C1=CC=CC=C1)SCCS[*])=S,dft,1,0
449,0.5015015015015015,1116.0,14.59259161,S=C1SCCSC1(C)C,[*]C(C(C)(C)SCCS[*])=S,dft,1,0
450,0.5015015015015015,1117.0,49.12576204,S=C(C(C)(C)S1)SC(C)(C)C1=S,[*]C(C(C)(C)SC(C(C)(C)S[*])=S)=S,dft,1,0
451,0.5015015015015015,1119.0,-2.342048508,S=C1SCCCO1,S=C([*])OCCCS[*],dft,1,0
452,0.5015015015015015,1120.0,-14.22822233,S=C1OCCCO1,S=C([*])OCCCO[*],dft,1,0
453,0.5015015015015015,1122.0,-15.2025384449133,C=C(CCCS1)CC2=C1C=CC([N+]([O-])=O)=C2,C=C(CCCS[*])CC1=C([*])C=CC([N+]([O-])=O)=C1,dft,1,0
454,0.5015015015015015,1123.0,6.48318551108661,O=C(CCCS1)CC2=C1C=CC([N+]([O-])=O)=C2,O=C(CCCS[*])CC1=C([*])C=CC([N+]([O-])=O)=C1,dft,1,0
455,0.5015015015015015,1124.0,-1.74142179915695,OC(CCCS1)CC2=C1C=CC([N+]([O-])=O)=C2,OC(CCCS[*])CC1=C([*])C=CC([N+]([O-])=O)=C1,dft,1,0
456,0.5015015015015015,1125.0,-17.3091453174582,O=C1CC2=CC([N+]([O-])=O)=CC=C2SCCCC1,O=C(CCCCS[*])CC1=CC([N+]([O-])=O)=CC=C1[*],dft,1,0
457,0.5015015015015015,1126.0,-5.55492281260562,C=C1CC2=CC([N+]([O-])=O)=CC=C2SCCCC1,C=C(CCCCS[*])CC1=CC([N+]([O-])=O)=CC=C1[*],dft,1,0
458,0.5015015015015015,1127.0,4.53998988760128,OC1CC2=CC([N+]([O-])=O)=CC=C2SCCCC1,OC(CCCCS[*])CC1=CC([N+]([O-])=O)=CC=C1[*],dft,1,0
